Date;Deaths
01/01/2009;423
02/01/2009;435
03/01/2009;416
04/01/2009;380
05/01/2009;446
06/01/2009;408
07/01/2009;391
08/01/2009;404
09/01/2009;373
10/01/2009;382
11/01/2009;448
12/01/2009;429
13/01/2009;417
14/01/2009;386
15/01/2009;402
16/01/2009;419
17/01/2009;372
18/01/2009;396
19/01/2009;429
20/01/2009;391
21/01/2009;392
22/01/2009;368
23/01/2009;386
24/01/2009;364
25/01/2009;369
26/01/2009;368
27/01/2009;370
28/01/2009;352
29/01/2009;368
30/01/2009;336
31/01/2009;317
01/02/2009;356
02/02/2009;381
03/02/2009;355
04/02/2009;311
05/02/2009;333
06/02/2009;356
07/02/2009;294
08/02/2009;327
09/02/2009;391
10/02/2009;335
11/02/2009;369
12/02/2009;350
13/02/2009;355
14/02/2009;313
15/02/2009;338
16/02/2009;346
17/02/2009;348
18/02/2009;317
19/02/2009;285
20/02/2009;321
21/02/2009;316
22/02/2009;311
23/02/2009;358
24/02/2009;356
25/02/2009;359
26/02/2009;364
27/02/2009;358
28/02/2009;324
01/03/2009;347
02/03/2009;328
03/03/2009;327
04/03/2009;304
05/03/2009;323
06/03/2009;331
07/03/2009;299
08/03/2009;297
09/03/2009;347
10/03/2009;294
11/03/2009;313
12/03/2009;300
13/03/2009;342
14/03/2009;302
15/03/2009;330
16/03/2009;315
17/03/2009;294
18/03/2009;308
19/03/2009;289
20/03/2009;300
21/03/2009;282
22/03/2009;279
23/03/2009;306
24/03/2009;308
25/03/2009;284
26/03/2009;280
27/03/2009;277
28/03/2009;275
29/03/2009;255
30/03/2009;282
31/03/2009;268
01/04/2009;286
02/04/2009;285
03/04/2009;294
04/04/2009;272
05/04/2009;268
06/04/2009;286
07/04/2009;283
08/04/2009;294
09/04/2009;279
10/04/2009;257
11/04/2009;286
12/04/2009;255
13/04/2009;301
14/04/2009;296
15/04/2009;287
16/04/2009;248
17/04/2009;288
18/04/2009;298
19/04/2009;266
20/04/2009;277
21/04/2009;298
22/04/2009;285
23/04/2009;299
24/04/2009;315
25/04/2009;274
26/04/2009;272
27/04/2009;265
28/04/2009;315
29/04/2009;298
30/04/2009;264
01/05/2009;240
02/05/2009;265
03/05/2009;280
04/05/2009;301
05/05/2009;301
06/05/2009;291
07/05/2009;258
08/05/2009;252
09/05/2009;272
10/05/2009;261
11/05/2009;264
12/05/2009;285
13/05/2009;260
14/05/2009;241
15/05/2009;253
16/05/2009;266
17/05/2009;237
18/05/2009;256
19/05/2009;287
20/05/2009;267
21/05/2009;242
22/05/2009;272
23/05/2009;283
24/05/2009;270
25/05/2009;246
26/05/2009;263
27/05/2009;240
28/05/2009;255
29/05/2009;284
30/05/2009;262
31/05/2009;300
01/06/2009;301
02/06/2009;271
03/06/2009;270
04/06/2009;254
05/06/2009;248
06/06/2009;249
07/06/2009;233
08/06/2009;256
09/06/2009;228
10/06/2009;214
11/06/2009;239
12/06/2009;237
13/06/2009;273
14/06/2009;253
15/06/2009;281
16/06/2009;255
17/06/2009;281
18/06/2009;252
19/06/2009;278
20/06/2009;303
21/06/2009;287
22/06/2009;283
23/06/2009;256
24/06/2009;243
25/06/2009;252
26/06/2009;243
27/06/2009;251
28/06/2009;263
29/06/2009;224
30/06/2009;236
01/07/2009;250
02/07/2009;249
03/07/2009;248
04/07/2009;219
05/07/2009;262
06/07/2009;230
07/07/2009;211
08/07/2009;244
09/07/2009;235
10/07/2009;236
11/07/2009;242
12/07/2009;251
13/07/2009;223
14/07/2009;214
15/07/2009;258
16/07/2009;213
17/07/2009;245
18/07/2009;222
19/07/2009;238
20/07/2009;288
21/07/2009;258
22/07/2009;253
23/07/2009;237
24/07/2009;232
25/07/2009;239
26/07/2009;216
27/07/2009;256
28/07/2009;239
29/07/2009;237
30/07/2009;247
31/07/2009;228
01/08/2009;244
02/08/2009;236
03/08/2009;249
04/08/2009;256
05/08/2009;280
06/08/2009;239
07/08/2009;217
08/08/2009;224
09/08/2009;232
10/08/2009;274
11/08/2009;272
12/08/2009;265
13/08/2009;291
14/08/2009;336
15/08/2009;304
16/08/2009;272
17/08/2009;305
18/08/2009;286
19/08/2009;263
20/08/2009;270
21/08/2009;262
22/08/2009;238
23/08/2009;251
24/08/2009;253
25/08/2009;248
26/08/2009;237
27/08/2009;268
28/08/2009;253
29/08/2009;235
30/08/2009;220
31/08/2009;255
01/09/2009;296
02/09/2009;233
03/09/2009;221
04/09/2009;257
05/09/2009;233
06/09/2009;251
07/09/2009;235
08/09/2009;269
09/09/2009;228
10/09/2009;262
11/09/2009;248
12/09/2009;259
13/09/2009;238
14/09/2009;241
15/09/2009;240
16/09/2009;228
17/09/2009;242
18/09/2009;244
19/09/2009;228
20/09/2009;243
21/09/2009;271
22/09/2009;242
23/09/2009;245
24/09/2009;253
25/09/2009;244
26/09/2009;252
27/09/2009;234
28/09/2009;255
29/09/2009;260
30/09/2009;303
01/10/2009;281
02/10/2009;264
03/10/2009;247
04/10/2009;251
05/10/2009;270
06/10/2009;261
07/10/2009;253
08/10/2009;255
09/10/2009;255
10/10/2009;240
11/10/2009;258
12/10/2009;255
13/10/2009;254
14/10/2009;302
15/10/2009;260
16/10/2009;266
17/10/2009;252
18/10/2009;244
19/10/2009;265
20/10/2009;305
21/10/2009;257
22/10/2009;252
23/10/2009;248
24/10/2009;261
25/10/2009;278
26/10/2009;278
27/10/2009;253
28/10/2009;258
29/10/2009;233
30/10/2009;276
31/10/2009;260
01/11/2009;277
02/11/2009;254
03/11/2009;254
04/11/2009;269
05/11/2009;263
06/11/2009;268
07/11/2009;252
08/11/2009;234
09/11/2009;276
10/11/2009;268
11/11/2009;297
12/11/2009;272
13/11/2009;271
14/11/2009;293
15/11/2009;253
16/11/2009;306
17/11/2009;277
18/11/2009;268
19/11/2009;300
20/11/2009;266
21/11/2009;281
22/11/2009;275
23/11/2009;245
24/11/2009;268
25/11/2009;295
26/11/2009;321
27/11/2009;310
28/11/2009;280
29/11/2009;265
30/11/2009;353
01/12/2009;299
02/12/2009;318
03/12/2009;315
04/12/2009;318
05/12/2009;323
06/12/2009;306
07/12/2009;320
08/12/2009;306
09/12/2009;324
10/12/2009;311
11/12/2009;306
12/12/2009;288
13/12/2009;321
14/12/2009;256
15/12/2009;326
16/12/2009;322
17/12/2009;326
18/12/2009;308
19/12/2009;318
20/12/2009;295
21/12/2009;393
22/12/2009;371
23/12/2009;354
24/12/2009;351
25/12/2009;339
26/12/2009;338
27/12/2009;328
28/12/2009;381
29/12/2009;374
30/12/2009;372
31/12/2009;335
01/01/2010;318
02/01/2010;364
03/01/2010;357
04/01/2010;322
05/01/2010;334
06/01/2010;341
07/01/2010;344
08/01/2010;329
09/01/2010;340
10/01/2010;348
11/01/2010;383
12/01/2010;375
13/01/2010;381
14/01/2010;344
15/01/2010;372
16/01/2010;356
17/01/2010;369
18/01/2010;361
19/01/2010;312
20/01/2010;312
21/01/2010;296
22/01/2010;316
23/01/2010;318
24/01/2010;314
25/01/2010;324
26/01/2010;320
27/01/2010;310
28/01/2010;332
29/01/2010;340
30/01/2010;328
31/01/2010;308
01/02/2010;323
02/02/2010;354
03/02/2010;317
04/02/2010;326
05/02/2010;334
06/02/2010;343
07/02/2010;290
08/02/2010;330
09/02/2010;335
10/02/2010;312
11/02/2010;305
12/02/2010;305
13/02/2010;303
14/02/2010;301
15/02/2010;384
16/02/2010;344
17/02/2010;386
18/02/2010;323
19/02/2010;347
20/02/2010;377
21/02/2010;377
22/02/2010;393
23/02/2010;376
24/02/2010;329
25/02/2010;361
26/02/2010;374
27/02/2010;310
28/02/2010;363
01/03/2010;336
02/03/2010;333
03/03/2010;333
04/03/2010;317
05/03/2010;312
06/03/2010;304
07/03/2010;345
08/03/2010;306
09/03/2010;326
10/03/2010;344
11/03/2010;312
12/03/2010;293
13/03/2010;313
14/03/2010;317
15/03/2010;296
16/03/2010;300
17/03/2010;324
18/03/2010;358
19/03/2010;354
20/03/2010;344
21/03/2010;314
22/03/2010;312
23/03/2010;307
24/03/2010;310
25/03/2010;295
26/03/2010;268
27/03/2010;292
28/03/2010;280
29/03/2010;294
30/03/2010;282
31/03/2010;288
01/04/2010;313
02/04/2010;291
03/04/2010;301
04/04/2010;264
05/04/2010;283
06/04/2010;319
07/04/2010;299
08/04/2010;323
09/04/2010;326
10/04/2010;283
11/04/2010;307
12/04/2010;316
13/04/2010;309
14/04/2010;278
15/04/2010;297
16/04/2010;275
17/04/2010;267
18/04/2010;291
19/04/2010;271
20/04/2010;263
21/04/2010;322
22/04/2010;293
23/04/2010;266
24/04/2010;280
25/04/2010;275
26/04/2010;296
27/04/2010;301
28/04/2010;279
29/04/2010;279
30/04/2010;273
01/05/2010;268
02/05/2010;269
03/05/2010;255
04/05/2010;271
05/05/2010;238
06/05/2010;268
07/05/2010;235
08/05/2010;242
09/05/2010;275
10/05/2010;256
11/05/2010;244
12/05/2010;275
13/05/2010;240
14/05/2010;256
15/05/2010;271
16/05/2010;264
17/05/2010;280
18/05/2010;300
19/05/2010;324
20/05/2010;301
21/05/2010;337
22/05/2010;320
23/05/2010;320
24/05/2010;285
25/05/2010;268
26/05/2010;255
27/05/2010;234
28/05/2010;255
29/05/2010;277
30/05/2010;242
31/05/2010;255
01/06/2010;278
02/06/2010;292
03/06/2010;277
04/06/2010;238
05/06/2010;238
06/06/2010;256
07/06/2010;241
08/06/2010;236
09/06/2010;267
10/06/2010;267
11/06/2010;230
12/06/2010;200
13/06/2010;219
14/06/2010;226
15/06/2010;247
16/06/2010;260
17/06/2010;258
18/06/2010;272
19/06/2010;266
20/06/2010;252
21/06/2010;219
22/06/2010;264
23/06/2010;278
24/06/2010;244
25/06/2010;241
26/06/2010;287
27/06/2010;277
28/06/2010;280
29/06/2010;278
30/06/2010;238
01/07/2010;309
02/07/2010;249
03/07/2010;264
04/07/2010;253
05/07/2010;312
06/07/2010;351
07/07/2010;355
08/07/2010;332
09/07/2010;296
10/07/2010;304
11/07/2010;268
12/07/2010;256
13/07/2010;254
14/07/2010;250
15/07/2010;243
16/07/2010;236
17/07/2010;253
18/07/2010;257
19/07/2010;245
20/07/2010;250
21/07/2010;288
22/07/2010;240
23/07/2010;224
24/07/2010;255
25/07/2010;240
26/07/2010;294
27/07/2010;337
28/07/2010;327
29/07/2010;349
30/07/2010;319
31/07/2010;285
01/08/2010;267
02/08/2010;263
03/08/2010;266
04/08/2010;291
05/08/2010;263
06/08/2010;267
07/08/2010;298
08/08/2010;346
09/08/2010;265
10/08/2010;338
11/08/2010;291
12/08/2010;318
13/08/2010;288
14/08/2010;257
15/08/2010;262
16/08/2010;251
17/08/2010;296
18/08/2010;239
19/08/2010;258
20/08/2010;240
21/08/2010;260
22/08/2010;248
23/08/2010;264
24/08/2010;223
25/08/2010;262
26/08/2010;265
27/08/2010;269
28/08/2010;231
29/08/2010;265
30/08/2010;290
31/08/2010;289
01/09/2010;282
02/09/2010;253
03/09/2010;239
04/09/2010;226
05/09/2010;262
06/09/2010;269
07/09/2010;257
08/09/2010;235
09/09/2010;244
10/09/2010;246
11/09/2010;249
12/09/2010;257
13/09/2010;298
14/09/2010;280
15/09/2010;242
16/09/2010;269
17/09/2010;247
18/09/2010;219
19/09/2010;269
20/09/2010;259
21/09/2010;223
22/09/2010;224
23/09/2010;247
24/09/2010;270
25/09/2010;245
26/09/2010;226
27/09/2010;224
28/09/2010;248
29/09/2010;256
30/09/2010;236
01/10/2010;241
02/10/2010;269
03/10/2010;281
04/10/2010;240
05/10/2010;273
06/10/2010;249
07/10/2010;275
08/10/2010;250
09/10/2010;214
10/10/2010;250
11/10/2010;254
12/10/2010;250
13/10/2010;289
14/10/2010;262
15/10/2010;255
16/10/2010;273
17/10/2010;264
18/10/2010;262
19/10/2010;294
20/10/2010;268
21/10/2010;283
22/10/2010;271
23/10/2010;251
24/10/2010;262
25/10/2010;275
26/10/2010;260
27/10/2010;278
28/10/2010;280
29/10/2010;296
30/10/2010;257
31/10/2010;321
01/11/2010;300
02/11/2010;274
03/11/2010;301
04/11/2010;273
05/11/2010;277
06/11/2010;311
07/11/2010;284
08/11/2010;271
09/11/2010;275
10/11/2010;292
11/11/2010;296
12/11/2010;290
13/11/2010;281
14/11/2010;282
15/11/2010;283
16/11/2010;273
17/11/2010;279
18/11/2010;303
19/11/2010;317
20/11/2010;287
21/11/2010;277
22/11/2010;290
23/11/2010;284
24/11/2010;295
25/11/2010;281
26/11/2010;287
27/11/2010;279
28/11/2010;314
29/11/2010;315
30/11/2010;341
01/12/2010;337
02/12/2010;320
03/12/2010;350
04/12/2010;329
05/12/2010;364
06/12/2010;419
07/12/2010;373
08/12/2010;327
09/12/2010;291
10/12/2010;299
11/12/2010;337
12/12/2010;323
13/12/2010;305
14/12/2010;306
15/12/2010;293
16/12/2010;288
17/12/2010;273
18/12/2010;307
19/12/2010;323
20/12/2010;324
21/12/2010;312
22/12/2010;332
23/12/2010;337
24/12/2010;307
25/12/2010;309
26/12/2010;323
27/12/2010;333
28/12/2010;353
29/12/2010;387
30/12/2010;352
31/12/2010;379
01/01/2011;384
02/01/2011;357
03/01/2011;370
04/01/2011;350
05/01/2011;368
06/01/2011;324
07/01/2011;348
08/01/2011;324
09/01/2011;312
10/01/2011;361
11/01/2011;332
12/01/2011;338
13/01/2011;318
14/01/2011;325
15/01/2011;307
16/01/2011;356
17/01/2011;352
18/01/2011;319
19/01/2011;303
20/01/2011;344
21/01/2011;313
22/01/2011;331
23/01/2011;358
24/01/2011;333
25/01/2011;332
26/01/2011;360
27/01/2011;349
28/01/2011;374
29/01/2011;356
30/01/2011;330
31/01/2011;371
01/02/2011;373
02/02/2011;383
03/02/2011;357
04/02/2011;372
05/02/2011;393
06/02/2011;357
07/02/2011;383
08/02/2011;389
09/02/2011;347
10/02/2011;362
11/02/2011;336
12/02/2011;308
13/02/2011;322
14/02/2011;369
15/02/2011;314
16/02/2011;324
17/02/2011;333
18/02/2011;341
19/02/2011;331
20/02/2011;315
21/02/2011;345
22/02/2011;366
23/02/2011;325
24/02/2011;349
25/02/2011;298
26/02/2011;298
27/02/2011;313
28/02/2011;325
01/03/2011;312
02/03/2011;299
03/03/2011;310
04/03/2011;287
05/03/2011;267
06/03/2011;295
07/03/2011;331
08/03/2011;305
09/03/2011;304
10/03/2011;337
11/03/2011;336
12/03/2011;317
13/03/2011;277
14/03/2011;328
15/03/2011;302
16/03/2011;268
17/03/2011;290
18/03/2011;330
19/03/2011;306
20/03/2011;313
21/03/2011;331
22/03/2011;358
23/03/2011;287
24/03/2011;291
25/03/2011;292
26/03/2011;296
27/03/2011;257
28/03/2011;299
29/03/2011;265
30/03/2011;257
31/03/2011;257
01/04/2011;302
02/04/2011;282
03/04/2011;302
04/04/2011;268
05/04/2011;281
06/04/2011;290
07/04/2011;319
08/04/2011;327
09/04/2011;276
10/04/2011;286
11/04/2011;286
12/04/2011;287
13/04/2011;294
14/04/2011;268
15/04/2011;276
16/04/2011;271
17/04/2011;281
18/04/2011;282
19/04/2011;257
20/04/2011;250
21/04/2011;224
22/04/2011;269
23/04/2011;266
24/04/2011;249
25/04/2011;251
26/04/2011;276
27/04/2011;265
28/04/2011;293
29/04/2011;286
30/04/2011;253
01/05/2011;271
02/05/2011;312
03/05/2011;250
04/05/2011;251
05/05/2011;251
06/05/2011;247
07/05/2011;256
08/05/2011;271
09/05/2011;279
10/05/2011;242
11/05/2011;257
12/05/2011;269
13/05/2011;279
14/05/2011;267
15/05/2011;258
16/05/2011;256
17/05/2011;275
18/05/2011;247
19/05/2011;276
20/05/2011;271
21/05/2011;278
22/05/2011;256
23/05/2011;216
24/05/2011;279
25/05/2011;272
26/05/2011;280
27/05/2011;242
28/05/2011;269
29/05/2011;251
30/05/2011;256
31/05/2011;226
01/06/2011;238
02/06/2011;229
03/06/2011;238
04/06/2011;268
05/06/2011;272
06/06/2011;227
07/06/2011;223
08/06/2011;228
09/06/2011;237
10/06/2011;227
11/06/2011;265
12/06/2011;233
13/06/2011;265
14/06/2011;253
15/06/2011;244
16/06/2011;240
17/06/2011;280
18/06/2011;246
19/06/2011;258
20/06/2011;261
21/06/2011;229
22/06/2011;242
23/06/2011;239
24/06/2011;249
25/06/2011;269
26/06/2011;323
27/06/2011;287
28/06/2011;261
29/06/2011;237
30/06/2011;254
01/07/2011;241
02/07/2011;245
03/07/2011;275
04/07/2011;235
05/07/2011;241
06/07/2011;196
07/07/2011;233
08/07/2011;229
09/07/2011;243
10/07/2011;250
11/07/2011;241
12/07/2011;236
13/07/2011;250
14/07/2011;221
15/07/2011;226
16/07/2011;262
17/07/2011;224
18/07/2011;248
19/07/2011;272
20/07/2011;233
21/07/2011;240
22/07/2011;256
23/07/2011;254
24/07/2011;253
25/07/2011;259
26/07/2011;265
27/07/2011;270
28/07/2011;253
29/07/2011;265
30/07/2011;259
31/07/2011;240
01/08/2011;268
02/08/2011;258
03/08/2011;261
04/08/2011;250
05/08/2011;249
06/08/2011;275
07/08/2011;251
08/08/2011;273
09/08/2011;246
10/08/2011;257
11/08/2011;284
12/08/2011;281
13/08/2011;257
14/08/2011;263
15/08/2011;271
16/08/2011;260
17/08/2011;213
18/08/2011;260
19/08/2011;293
20/08/2011;272
21/08/2011;283
22/08/2011;258
23/08/2011;234
24/08/2011;232
25/08/2011;259
26/08/2011;256
27/08/2011;206
28/08/2011;246
29/08/2011;254
30/08/2011;226
31/08/2011;263
01/09/2011;240
02/09/2011;226
03/09/2011;235
04/09/2011;253
05/09/2011;261
06/09/2011;256
07/09/2011;224
08/09/2011;270
09/09/2011;281
10/09/2011;277
11/09/2011;255
12/09/2011;276
13/09/2011;247
14/09/2011;289
15/09/2011;258
16/09/2011;248
17/09/2011;214
18/09/2011;234
19/09/2011;231
20/09/2011;255
21/09/2011;244
22/09/2011;243
23/09/2011;227
24/09/2011;222
25/09/2011;244
26/09/2011;259
27/09/2011;251
28/09/2011;259
29/09/2011;273
30/09/2011;212
01/10/2011;258
02/10/2011;270
03/10/2011;257
04/10/2011;326
05/10/2011;260
06/10/2011;282
07/10/2011;227
08/10/2011;241
09/10/2011;263
10/10/2011;236
11/10/2011;235
12/10/2011;278
13/10/2011;277
14/10/2011;286
15/10/2011;276
16/10/2011;243
17/10/2011;244
18/10/2011;234
19/10/2011;236
20/10/2011;274
21/10/2011;259
22/10/2011;228
23/10/2011;273
24/10/2011;253
25/10/2011;232
26/10/2011;229
27/10/2011;255
28/10/2011;270
29/10/2011;243
30/10/2011;283
31/10/2011;292
01/11/2011;276
02/11/2011;289
03/11/2011;293
04/11/2011;273
05/11/2011;286
06/11/2011;267
07/11/2011;289
08/11/2011;309
09/11/2011;297
10/11/2011;284
11/11/2011;313
12/11/2011;286
13/11/2011;309
14/11/2011;296
15/11/2011;310
16/11/2011;303
17/11/2011;296
18/11/2011;279
19/11/2011;286
20/11/2011;304
21/11/2011;291
22/11/2011;262
23/11/2011;302
24/11/2011;321
25/11/2011;316
26/11/2011;258
27/11/2011;306
28/11/2011;264
29/11/2011;299
30/11/2011;286
01/12/2011;290
02/12/2011;298
03/12/2011;311
04/12/2011;316
05/12/2011;322
06/12/2011;317
07/12/2011;318
08/12/2011;304
09/12/2011;306
10/12/2011;308
11/12/2011;311
12/12/2011;318
13/12/2011;345
14/12/2011;294
15/12/2011;301
16/12/2011;306
17/12/2011;328
18/12/2011;321
19/12/2011;286
20/12/2011;345
21/12/2011;343
22/12/2011;329
23/12/2011;319
24/12/2011;299
25/12/2011;361
26/12/2011;345
27/12/2011;329
28/12/2011;339
29/12/2011;351
30/12/2011;328
31/12/2011;327
01/01/2012;379
02/01/2012;357
03/01/2012;356
04/01/2012;362
05/01/2012;354
06/01/2012;358
07/01/2012;355
08/01/2012;346
09/01/2012;395
10/01/2012;378
11/01/2012;349
12/01/2012;348
13/01/2012;365
14/01/2012;338
15/01/2012;374
16/01/2012;374
17/01/2012;351
18/01/2012;298
19/01/2012;374
20/01/2012;375
21/01/2012;375
22/01/2012;346
23/01/2012;359
24/01/2012;349
25/01/2012;320
26/01/2012;320
27/01/2012;345
28/01/2012;303
29/01/2012;347
30/01/2012;367
31/01/2012;395
01/02/2012;388
02/02/2012;380
03/02/2012;339
04/02/2012;380
05/02/2012;402
06/02/2012;437
07/02/2012;431
08/02/2012;373
09/02/2012;383
10/02/2012;407
11/02/2012;368
12/02/2012;431
13/02/2012;400
14/02/2012;429
15/02/2012;430
16/02/2012;437
17/02/2012;459
18/02/2012;425
19/02/2012;476
20/02/2012;449
21/02/2012;455
22/02/2012;441
23/02/2012;478
24/02/2012;464
25/02/2012;415
26/02/2012;451
27/02/2012;464
28/02/2012;428
29/02/2012;415
01/03/2012;437
02/03/2012;407
03/03/2012;383
04/03/2012;418
05/03/2012;383
06/03/2012;390
07/03/2012;401
08/03/2012;419
09/03/2012;357
10/03/2012;376
11/03/2012;348
12/03/2012;405
13/03/2012;370
14/03/2012;354
15/03/2012;361
16/03/2012;350
17/03/2012;325
18/03/2012;316
19/03/2012;321
20/03/2012;331
21/03/2012;321
22/03/2012;321
23/03/2012;334
24/03/2012;310
25/03/2012;318
26/03/2012;320
27/03/2012;322
28/03/2012;298
29/03/2012;333
30/03/2012;322
31/03/2012;305
01/04/2012;321
02/04/2012;310
03/04/2012;303
04/04/2012;314
05/04/2012;286
06/04/2012;273
07/04/2012;244
08/04/2012;312
09/04/2012;291
10/04/2012;273
11/04/2012;309
12/04/2012;295
13/04/2012;280
14/04/2012;284
15/04/2012;268
16/04/2012;296
17/04/2012;279
18/04/2012;264
19/04/2012;288
20/04/2012;306
21/04/2012;269
22/04/2012;270
23/04/2012;276
24/04/2012;293
25/04/2012;278
26/04/2012;265
27/04/2012;267
28/04/2012;286
29/04/2012;271
30/04/2012;269
01/05/2012;269
02/05/2012;294
03/05/2012;277
04/05/2012;289
05/05/2012;278
06/05/2012;263
07/05/2012;277
08/05/2012;269
09/05/2012;290
10/05/2012;313
11/05/2012;307
12/05/2012;325
13/05/2012;329
14/05/2012;293
15/05/2012;299
16/05/2012;281
17/05/2012;278
18/05/2012;232
19/05/2012;230
20/05/2012;250
21/05/2012;244
22/05/2012;248
23/05/2012;242
24/05/2012;287
25/05/2012;284
26/05/2012;262
27/05/2012;281
28/05/2012;270
29/05/2012;269
30/05/2012;243
31/05/2012;265
01/06/2012;277
02/06/2012;245
03/06/2012;241
04/06/2012;229
05/06/2012;260
06/06/2012;251
07/06/2012;239
08/06/2012;253
09/06/2012;229
10/06/2012;248
11/06/2012;214
12/06/2012;241
13/06/2012;251
14/06/2012;259
15/06/2012;238
16/06/2012;246
17/06/2012;257
18/06/2012;233
19/06/2012;255
20/06/2012;247
21/06/2012;251
22/06/2012;257
23/06/2012;269
24/06/2012;259
25/06/2012;272
26/06/2012;267
27/06/2012;296
28/06/2012;269
29/06/2012;238
30/06/2012;245
01/07/2012;256
02/07/2012;284
03/07/2012;247
04/07/2012;275
05/07/2012;236
06/07/2012;228
07/07/2012;241
08/07/2012;227
09/07/2012;219
10/07/2012;244
11/07/2012;241
12/07/2012;233
13/07/2012;247
14/07/2012;253
15/07/2012;220
16/07/2012;264
17/07/2012;253
18/07/2012;312
19/07/2012;288
20/07/2012;248
21/07/2012;267
22/07/2012;255
23/07/2012;236
24/07/2012;260
25/07/2012;251
26/07/2012;256
27/07/2012;269
28/07/2012;240
29/07/2012;246
30/07/2012;261
31/07/2012;270
01/08/2012;255
02/08/2012;225
03/08/2012;235
04/08/2012;245
05/08/2012;231
06/08/2012;249
07/08/2012;232
08/08/2012;255
09/08/2012;285
10/08/2012;267
11/08/2012;237
12/08/2012;297
13/08/2012;248
14/08/2012;245
15/08/2012;254
16/08/2012;238
17/08/2012;265
18/08/2012;256
19/08/2012;245
20/08/2012;276
21/08/2012;287
22/08/2012;257
23/08/2012;265
24/08/2012;239
25/08/2012;221
26/08/2012;234
27/08/2012;245
28/08/2012;248
29/08/2012;239
30/08/2012;231
31/08/2012;207
01/09/2012;235
02/09/2012;243
03/09/2012;256
04/09/2012;253
05/09/2012;269
06/09/2012;284
07/09/2012;264
08/09/2012;260
09/09/2012;255
10/09/2012;254
11/09/2012;252
12/09/2012;245
13/09/2012;243
14/09/2012;263
15/09/2012;223
16/09/2012;252
17/09/2012;251
18/09/2012;273
19/09/2012;255
20/09/2012;254
21/09/2012;242
22/09/2012;249
23/09/2012;230
24/09/2012;225
25/09/2012;226
26/09/2012;225
27/09/2012;209
28/09/2012;238
29/09/2012;221
30/09/2012;262
01/10/2012;250
02/10/2012;253
03/10/2012;240
04/10/2012;265
05/10/2012;232
06/10/2012;227
07/10/2012;260
08/10/2012;259
09/10/2012;272
10/10/2012;240
11/10/2012;271
12/10/2012;222
13/10/2012;225
14/10/2012;255
15/10/2012;284
16/10/2012;276
17/10/2012;245
18/10/2012;277
19/10/2012;261
20/10/2012;257
21/10/2012;265
22/10/2012;297
23/10/2012;297
24/10/2012;283
25/10/2012;304
26/10/2012;288
27/10/2012;275
28/10/2012;260
29/10/2012;228
30/10/2012;263
31/10/2012;253
01/11/2012;244
02/11/2012;269
03/11/2012;271
04/11/2012;261
05/11/2012;269
06/11/2012;274
07/11/2012;248
08/11/2012;273
09/11/2012;282
10/11/2012;269
11/11/2012;323
12/11/2012;289
13/11/2012;277
14/11/2012;325
15/11/2012;299
16/11/2012;328
17/11/2012;279
18/11/2012;266
19/11/2012;298
20/11/2012;277
21/11/2012;268
22/11/2012;267
23/11/2012;278
24/11/2012;287
25/11/2012;287
26/11/2012;280
27/11/2012;283
28/11/2012;288
29/11/2012;304
30/11/2012;285
01/12/2012;312
02/12/2012;269
03/12/2012;271
04/12/2012;333
05/12/2012;327
06/12/2012;329
07/12/2012;340
08/12/2012;305
09/12/2012;323
10/12/2012;295
11/12/2012;327
12/12/2012;310
13/12/2012;337
14/12/2012;355
15/12/2012;324
16/12/2012;293
17/12/2012;317
18/12/2012;314
19/12/2012;312
20/12/2012;317
21/12/2012;289
22/12/2012;305
23/12/2012;297
24/12/2012;319
25/12/2012;304
26/12/2012;342
27/12/2012;312
28/12/2012;285
29/12/2012;307
30/12/2012;279
31/12/2012;320
01/01/2013;339
02/01/2013;343
03/01/2013;352
04/01/2013;321
05/01/2013;342
06/01/2013;316
07/01/2013;332
08/01/2013;322
09/01/2013;336
10/01/2013;344
11/01/2013;350
12/01/2013;306
13/01/2013;336
14/01/2013;339
15/01/2013;329
16/01/2013;313
17/01/2013;382
18/01/2013;351
19/01/2013;344
20/01/2013;360
21/01/2013;351
22/01/2013;322
23/01/2013;320
24/01/2013;340
25/01/2013;346
26/01/2013;339
27/01/2013;361
28/01/2013;339
29/01/2013;348
30/01/2013;304
31/01/2013;357
01/02/2013;339
02/02/2013;335
03/02/2013;320
04/02/2013;335
05/02/2013;352
06/02/2013;339
07/02/2013;357
08/02/2013;308
09/02/2013;350
10/02/2013;340
11/02/2013;356
12/02/2013;287
13/02/2013;377
14/02/2013;365
15/02/2013;346
16/02/2013;367
17/02/2013;339
18/02/2013;342
19/02/2013;338
20/02/2013;323
21/02/2013;341
22/02/2013;350
23/02/2013;308
24/02/2013;329
25/02/2013;376
26/02/2013;329
27/02/2013;334
28/02/2013;341
01/03/2013;314
02/03/2013;342
03/03/2013;347
04/03/2013;391
05/03/2013;364
06/03/2013;391
07/03/2013;338
08/03/2013;339
09/03/2013;318
10/03/2013;344
11/03/2013;306
12/03/2013;327
13/03/2013;301
14/03/2013;281
15/03/2013;290
16/03/2013;344
17/03/2013;341
18/03/2013;279
19/03/2013;335
20/03/2013;287
21/03/2013;315
22/03/2013;312
23/03/2013;368
24/03/2013;280
25/03/2013;309
26/03/2013;353
27/03/2013;311
28/03/2013;290
29/03/2013;307
30/03/2013;286
31/03/2013;289
01/04/2013;344
02/04/2013;292
03/04/2013;257
04/04/2013;272
05/04/2013;268
06/04/2013;303
07/04/2013;295
08/04/2013;290
09/04/2013;302
10/04/2013;301
11/04/2013;276
12/04/2013;279
13/04/2013;300
14/04/2013;273
15/04/2013;283
16/04/2013;274
17/04/2013;284
18/04/2013;267
19/04/2013;295
20/04/2013;277
21/04/2013;269
22/04/2013;311
23/04/2013;288
24/04/2013;298
25/04/2013;278
26/04/2013;285
27/04/2013;302
28/04/2013;232
29/04/2013;260
30/04/2013;265
01/05/2013;272
02/05/2013;268
03/05/2013;282
04/05/2013;271
05/05/2013;286
06/05/2013;302
07/05/2013;272
08/05/2013;275
09/05/2013;262
10/05/2013;267
11/05/2013;255
12/05/2013;254
13/05/2013;280
14/05/2013;290
15/05/2013;294
16/05/2013;261
17/05/2013;222
18/05/2013;256
19/05/2013;241
20/05/2013;266
21/05/2013;287
22/05/2013;268
23/05/2013;268
24/05/2013;269
25/05/2013;268
26/05/2013;254
27/05/2013;312
28/05/2013;265
29/05/2013;270
30/05/2013;258
31/05/2013;270
01/06/2013;276
02/06/2013;292
03/06/2013;299
04/06/2013;305
05/06/2013;300
06/06/2013;288
07/06/2013;304
08/06/2013;251
09/06/2013;224
10/06/2013;264
11/06/2013;280
12/06/2013;263
13/06/2013;279
14/06/2013;276
15/06/2013;249
16/06/2013;265
17/06/2013;262
18/06/2013;269
19/06/2013;256
20/06/2013;245
21/06/2013;253
22/06/2013;256
23/06/2013;267
24/06/2013;252
25/06/2013;271
26/06/2013;283
27/06/2013;270
28/06/2013;313
29/06/2013;306
30/06/2013;313
01/07/2013;328
02/07/2013;317
03/07/2013;285
04/07/2013;316
05/07/2013;321
06/07/2013;367
07/07/2013;419
08/07/2013;498
09/07/2013;430
10/07/2013;403
11/07/2013;378
12/07/2013;300
13/07/2013;305
14/07/2013;280
15/07/2013;274
16/07/2013;258
17/07/2013;252
18/07/2013;297
19/07/2013;244
20/07/2013;258
21/07/2013;282
22/07/2013;235
23/07/2013;251
24/07/2013;249
25/07/2013;224
26/07/2013;253
27/07/2013;218
28/07/2013;220
29/07/2013;239
30/07/2013;245
31/07/2013;260
01/08/2013;255
02/08/2013;246
03/08/2013;242
04/08/2013;237
05/08/2013;262
06/08/2013;240
07/08/2013;237
08/08/2013;232
09/08/2013;237
10/08/2013;284
11/08/2013;294
12/08/2013;292
13/08/2013;267
14/08/2013;274
15/08/2013;247
16/08/2013;241
17/08/2013;296
18/08/2013;246
19/08/2013;259
20/08/2013;267
21/08/2013;260
22/08/2013;276
23/08/2013;270
24/08/2013;259
25/08/2013;282
26/08/2013;233
27/08/2013;267
28/08/2013;237
29/08/2013;262
30/08/2013;268
31/08/2013;252
01/09/2013;265
02/09/2013;279
03/09/2013;270
04/09/2013;237
05/09/2013;268
06/09/2013;235
07/09/2013;224
08/09/2013;237
09/09/2013;240
10/09/2013;239
11/09/2013;275
12/09/2013;252
13/09/2013;239
14/09/2013;272
15/09/2013;248
16/09/2013;244
17/09/2013;272
18/09/2013;241
19/09/2013;241
20/09/2013;230
21/09/2013;251
22/09/2013;295
23/09/2013;252
24/09/2013;284
25/09/2013;241
26/09/2013;246
27/09/2013;243
28/09/2013;246
29/09/2013;205
30/09/2013;249
01/10/2013;268
02/10/2013;238
03/10/2013;227
04/10/2013;251
05/10/2013;255
06/10/2013;265
07/10/2013;263
08/10/2013;283
09/10/2013;261
10/10/2013;279
11/10/2013;244
12/10/2013;264
13/10/2013;243
14/10/2013;247
15/10/2013;264
16/10/2013;250
17/10/2013;262
18/10/2013;276
19/10/2013;242
20/10/2013;238
21/10/2013;270
22/10/2013;273
23/10/2013;241
24/10/2013;266
25/10/2013;251
26/10/2013;256
27/10/2013;289
28/10/2013;247
29/10/2013;233
30/10/2013;248
31/10/2013;261
01/11/2013;259
02/11/2013;237
03/11/2013;299
04/11/2013;251
05/11/2013;251
06/11/2013;286
07/11/2013;259
08/11/2013;248
09/11/2013;261
10/11/2013;257
11/11/2013;263
12/11/2013;263
13/11/2013;280
14/11/2013;279
15/11/2013;263
16/11/2013;286
17/11/2013;279
18/11/2013;301
19/11/2013;285
20/11/2013;274
21/11/2013;324
22/11/2013;298
23/11/2013;312
24/11/2013;280
25/11/2013;300
26/11/2013;291
27/11/2013;316
28/11/2013;365
29/11/2013;309
30/11/2013;314
01/12/2013;321
02/12/2013;328
03/12/2013;331
04/12/2013;342
05/12/2013;355
06/12/2013;340
07/12/2013;324
08/12/2013;341
09/12/2013;351
10/12/2013;335
11/12/2013;361
12/12/2013;316
13/12/2013;364
14/12/2013;311
15/12/2013;334
16/12/2013;350
17/12/2013;355
18/12/2013;340
19/12/2013;366
20/12/2013;312
21/12/2013;318
22/12/2013;307
23/12/2013;335
24/12/2013;334
25/12/2013;341
26/12/2013;385
27/12/2013;346
28/12/2013;356
29/12/2013;343
30/12/2013;358
31/12/2013;360
01/01/2014;375
02/01/2014;394
03/01/2014;399
04/01/2014;327
05/01/2014;359
06/01/2014;360
07/01/2014;366
08/01/2014;336
09/01/2014;337
10/01/2014;326
11/01/2014;357
12/01/2014;332
13/01/2014;353
14/01/2014;379
15/01/2014;338
16/01/2014;286
17/01/2014;328
18/01/2014;328
19/01/2014;333
20/01/2014;345
21/01/2014;329
22/01/2014;355
23/01/2014;307
24/01/2014;338
25/01/2014;347
26/01/2014;321
27/01/2014;372
28/01/2014;339
29/01/2014;329
30/01/2014;335
31/01/2014;364
01/02/2014;332
02/02/2014;346
03/02/2014;336
04/02/2014;334
05/02/2014;335
06/02/2014;366
07/02/2014;336
08/02/2014;326
09/02/2014;316
10/02/2014;381
11/02/2014;348
12/02/2014;333
13/02/2014;369
14/02/2014;376
15/02/2014;346
16/02/2014;308
17/02/2014;336
18/02/2014;315
19/02/2014;330
20/02/2014;340
21/02/2014;331
22/02/2014;335
23/02/2014;314
24/02/2014;353
25/02/2014;343
26/02/2014;332
27/02/2014;374
28/02/2014;309
01/03/2014;333
02/03/2014;334
03/03/2014;318
04/03/2014;282
05/03/2014;294
06/03/2014;331
07/03/2014;315
08/03/2014;334
09/03/2014;310
10/03/2014;299
11/03/2014;318
12/03/2014;316
13/03/2014;327
14/03/2014;317
15/03/2014;291
16/03/2014;296
17/03/2014;304
18/03/2014;302
19/03/2014;288
20/03/2014;337
21/03/2014;281
22/03/2014;287
23/03/2014;257
24/03/2014;287
25/03/2014;312
26/03/2014;261
27/03/2014;286
28/03/2014;288
29/03/2014;288
30/03/2014;291
31/03/2014;290
01/04/2014;330
02/04/2014;340
03/04/2014;331
04/04/2014;259
05/04/2014;294
06/04/2014;315
07/04/2014;303
08/04/2014;319
09/04/2014;294
10/04/2014;293
11/04/2014;291
12/04/2014;287
13/04/2014;275
14/04/2014;306
15/04/2014;303
16/04/2014;317
17/04/2014;315
18/04/2014;267
19/04/2014;289
20/04/2014;250
21/04/2014;280
22/04/2014;273
23/04/2014;268
24/04/2014;287
25/04/2014;233
26/04/2014;270
27/04/2014;311
28/04/2014;289
29/04/2014;275
30/04/2014;286
01/05/2014;289
02/05/2014;257
03/05/2014;287
04/05/2014;298
05/05/2014;275
06/05/2014;272
07/05/2014;259
08/05/2014;274
09/05/2014;244
10/05/2014;259
11/05/2014;249
12/05/2014;251
13/05/2014;252
14/05/2014;235
15/05/2014;246
16/05/2014;296
17/05/2014;263
18/05/2014;236
19/05/2014;265
20/05/2014;265
21/05/2014;230
22/05/2014;243
23/05/2014;245
24/05/2014;238
25/05/2014;220
26/05/2014;243
27/05/2014;264
28/05/2014;277
29/05/2014;261
30/05/2014;283
31/05/2014;275
01/06/2014;253
02/06/2014;247
03/06/2014;282
04/06/2014;234
05/06/2014;280
06/06/2014;263
07/06/2014;264
08/06/2014;263
09/06/2014;250
10/06/2014;258
11/06/2014;243
12/06/2014;240
13/06/2014;291
14/06/2014;260
15/06/2014;304
16/06/2014;309
17/06/2014;263
18/06/2014;270
19/06/2014;272
20/06/2014;252
21/06/2014;267
22/06/2014;254
23/06/2014;237
24/06/2014;238
25/06/2014;239
26/06/2014;236
27/06/2014;248
28/06/2014;241
29/06/2014;238
30/06/2014;252
01/07/2014;255
02/07/2014;260
03/07/2014;259
04/07/2014;270
05/07/2014;245
06/07/2014;251
07/07/2014;248
08/07/2014;233
09/07/2014;259
10/07/2014;288
11/07/2014;237
12/07/2014;257
13/07/2014;258
14/07/2014;259
15/07/2014;272
16/07/2014;271
17/07/2014;275
18/07/2014;254
19/07/2014;237
20/07/2014;193
21/07/2014;234
22/07/2014;240
23/07/2014;266
24/07/2014;250
25/07/2014;230
26/07/2014;259
27/07/2014;273
28/07/2014;257
29/07/2014;236
30/07/2014;245
31/07/2014;272
01/08/2014;246
02/08/2014;257
03/08/2014;249
04/08/2014;271
05/08/2014;253
06/08/2014;248
07/08/2014;289
08/08/2014;255
09/08/2014;255
10/08/2014;275
11/08/2014;245
12/08/2014;241
13/08/2014;264
14/08/2014;251
15/08/2014;227
16/08/2014;289
17/08/2014;248
18/08/2014;265
19/08/2014;250
20/08/2014;277
21/08/2014;276
22/08/2014;277
23/08/2014;247
24/08/2014;259
25/08/2014;227
26/08/2014;257
27/08/2014;262
28/08/2014;248
29/08/2014;260
30/08/2014;262
31/08/2014;260
01/09/2014;280
02/09/2014;275
03/09/2014;273
04/09/2014;227
05/09/2014;264
06/09/2014;269
07/09/2014;297
08/09/2014;238
09/09/2014;260
10/09/2014;254
11/09/2014;264
12/09/2014;256
13/09/2014;242
14/09/2014;234
15/09/2014;262
16/09/2014;259
17/09/2014;245
18/09/2014;253
19/09/2014;245
20/09/2014;250
21/09/2014;211
22/09/2014;268
23/09/2014;284
24/09/2014;249
25/09/2014;259
26/09/2014;236
27/09/2014;275
28/09/2014;251
29/09/2014;250
30/09/2014;266
01/10/2014;273
02/10/2014;284
03/10/2014;255
04/10/2014;273
05/10/2014;255
06/10/2014;270
07/10/2014;283
08/10/2014;239
09/10/2014;268
10/10/2014;272
11/10/2014;234
12/10/2014;248
13/10/2014;262
14/10/2014;267
15/10/2014;273
16/10/2014;284
17/10/2014;299
18/10/2014;270
19/10/2014;266
20/10/2014;305
21/10/2014;288
22/10/2014;263
23/10/2014;263
24/10/2014;282
25/10/2014;294
26/10/2014;323
27/10/2014;276
28/10/2014;293
29/10/2014;280
30/10/2014;271
31/10/2014;266
01/11/2014;270
02/11/2014;262
03/11/2014;280
04/11/2014;262
05/11/2014;256
06/11/2014;266
07/11/2014;283
08/11/2014;273
09/11/2014;283
10/11/2014;274
11/11/2014;320
12/11/2014;280
13/11/2014;290
14/11/2014;305
15/11/2014;274
16/11/2014;241
17/11/2014;295
18/11/2014;312
19/11/2014;276
20/11/2014;279
21/11/2014;270
22/11/2014;327
23/11/2014;290
24/11/2014;281
25/11/2014;283
26/11/2014;304
27/11/2014;282
28/11/2014;327
29/11/2014;312
30/11/2014;286
01/12/2014;332
02/12/2014;334
03/12/2014;293
04/12/2014;306
05/12/2014;307
06/12/2014;307
07/12/2014;325
08/12/2014;332
09/12/2014;372
10/12/2014;329
11/12/2014;341
12/12/2014;329
13/12/2014;331
14/12/2014;334
15/12/2014;313
16/12/2014;352
17/12/2014;316
18/12/2014;311
19/12/2014;355
20/12/2014;322
21/12/2014;329
22/12/2014;362
23/12/2014;361
24/12/2014;384
25/12/2014;375
26/12/2014;393
27/12/2014;331
28/12/2014;358
29/12/2014;374
30/12/2014;358
31/12/2014;382
01/01/2015;407
02/01/2015;413
03/01/2015;416
04/01/2015;466
05/01/2015;452
06/01/2015;446
07/01/2015;419
08/01/2015;412
09/01/2015;449
10/01/2015;441
11/01/2015;435
12/01/2015;455
13/01/2015;498
14/01/2015;461
15/01/2015;461
16/01/2015;447
17/01/2015;414
18/01/2015;441
19/01/2015;424
20/01/2015;486
21/01/2015;435
22/01/2015;442
23/01/2015;412
24/01/2015;445
25/01/2015;443
26/01/2015;412
27/01/2015;439
28/01/2015;408
29/01/2015;449
30/01/2015;411
31/01/2015;407
01/02/2015;385
02/02/2015;423
03/02/2015;398
04/02/2015;407
05/02/2015;408
06/02/2015;425
07/02/2015;405
08/02/2015;417
09/02/2015;450
10/02/2015;431
11/02/2015;441
12/02/2015;423
13/02/2015;418
14/02/2015;405
15/02/2015;416
16/02/2015;374
17/02/2015;359
18/02/2015;410
19/02/2015;402
20/02/2015;381
21/02/2015;383
22/02/2015;378
23/02/2015;405
24/02/2015;375
25/02/2015;414
26/02/2015;356
27/02/2015;411
28/02/2015;382
01/03/2015;369
02/03/2015;392
03/03/2015;347
04/03/2015;380
05/03/2015;356
06/03/2015;310
07/03/2015;351
08/03/2015;314
09/03/2015;338
10/03/2015;340
11/03/2015;318
12/03/2015;332
13/03/2015;331
14/03/2015;352
15/03/2015;307
16/03/2015;303
17/03/2015;311
18/03/2015;317
19/03/2015;349
20/03/2015;311
21/03/2015;357
22/03/2015;342
23/03/2015;321
24/03/2015;301
25/03/2015;278
26/03/2015;294
27/03/2015;299
28/03/2015;319
29/03/2015;280
30/03/2015;331
31/03/2015;318
01/04/2015;317
02/04/2015;339
03/04/2015;328
04/04/2015;276
05/04/2015;279
06/04/2015;318
07/04/2015;288
08/04/2015;296
09/04/2015;253
10/04/2015;236
11/04/2015;278
12/04/2015;275
13/04/2015;305
14/04/2015;265
15/04/2015;283
16/04/2015;272
17/04/2015;296
18/04/2015;277
19/04/2015;245
20/04/2015;224
21/04/2015;248
22/04/2015;285
23/04/2015;283
24/04/2015;278
25/04/2015;270
26/04/2015;229
27/04/2015;264
28/04/2015;241
29/04/2015;238
30/04/2015;269
01/05/2015;273
02/05/2015;294
03/05/2015;253
04/05/2015;273
05/05/2015;271
06/05/2015;285
07/05/2015;286
08/05/2015;288
09/05/2015;287
10/05/2015;265
11/05/2015;266
12/05/2015;279
13/05/2015;286
14/05/2015;273
15/05/2015;259
16/05/2015;265
17/05/2015;292
18/05/2015;290
19/05/2015;242
20/05/2015;237
21/05/2015;245
22/05/2015;279
23/05/2015;262
24/05/2015;249
25/05/2015;241
26/05/2015;282
27/05/2015;299
28/05/2015;293
29/05/2015;303
30/05/2015;262
31/05/2015;276
01/06/2015;245
02/06/2015;275
03/06/2015;243
04/06/2015;267
05/06/2015;273
06/06/2015;280
07/06/2015;275
08/06/2015;267
09/06/2015;282
10/06/2015;261
11/06/2015;250
12/06/2015;267
13/06/2015;229
14/06/2015;244
15/06/2015;238
16/06/2015;223
17/06/2015;245
18/06/2015;264
19/06/2015;297
20/06/2015;306
21/06/2015;289
22/06/2015;286
23/06/2015;254
24/06/2015;241
25/06/2015;217
26/06/2015;226
27/06/2015;246
28/06/2015;272
29/06/2015;287
30/06/2015;266
01/07/2015;249
02/07/2015;224
03/07/2015;236
04/07/2015;203
05/07/2015;239
06/07/2015;258
07/07/2015;258
08/07/2015;274
09/07/2015;261
10/07/2015;266
11/07/2015;239
12/07/2015;252
13/07/2015;250
14/07/2015;268
15/07/2015;268
16/07/2015;225
17/07/2015;270
18/07/2015;268
19/07/2015;253
20/07/2015;251
21/07/2015;263
22/07/2015;265
23/07/2015;248
24/07/2015;275
25/07/2015;234
26/07/2015;221
27/07/2015;274
28/07/2015;253
29/07/2015;270
30/07/2015;264
31/07/2015;262
01/08/2015;213
02/08/2015;258
03/08/2015;268
04/08/2015;266
05/08/2015;247
06/08/2015;257
07/08/2015;254
08/08/2015;270
09/08/2015;255
10/08/2015;252
11/08/2015;264
12/08/2015;255
13/08/2015;244
14/08/2015;243
15/08/2015;238
16/08/2015;254
17/08/2015;232
18/08/2015;283
19/08/2015;229
20/08/2015;264
21/08/2015;256
22/08/2015;270
23/08/2015;256
24/08/2015;237
25/08/2015;212
26/08/2015;230
27/08/2015;247
28/08/2015;254
29/08/2015;264
30/08/2015;282
31/08/2015;259
01/09/2015;254
02/09/2015;271
03/09/2015;279
04/09/2015;248
05/09/2015;256
06/09/2015;251
07/09/2015;257
08/09/2015;268
09/09/2015;295
10/09/2015;257
11/09/2015;239
12/09/2015;244
13/09/2015;272
14/09/2015;238
15/09/2015;254
16/09/2015;239
17/09/2015;236
18/09/2015;257
19/09/2015;242
20/09/2015;242
21/09/2015;264
22/09/2015;259
23/09/2015;290
24/09/2015;285
25/09/2015;249
26/09/2015;236
27/09/2015;281
28/09/2015;301
29/09/2015;269
30/09/2015;267
01/10/2015;277
02/10/2015;286
03/10/2015;244
04/10/2015;279
05/10/2015;276
06/10/2015;262
07/10/2015;251
08/10/2015;259
09/10/2015;247
10/10/2015;260
11/10/2015;247
12/10/2015;262
13/10/2015;256
14/10/2015;223
15/10/2015;282
16/10/2015;270
17/10/2015;254
18/10/2015;268
19/10/2015;250
20/10/2015;264
21/10/2015;270
22/10/2015;249
23/10/2015;276
24/10/2015;271
25/10/2015;303
26/10/2015;283
27/10/2015;261
28/10/2015;256
29/10/2015;285
30/10/2015;274
31/10/2015;267
01/11/2015;265
02/11/2015;292
03/11/2015;266
04/11/2015;271
05/11/2015;277
06/11/2015;293
07/11/2015;292
08/11/2015;278
09/11/2015;263
10/11/2015;288
11/11/2015;277
12/11/2015;258
13/11/2015;240
14/11/2015;276
15/11/2015;259
16/11/2015;260
17/11/2015;280
18/11/2015;283
19/11/2015;279
20/11/2015;303
21/11/2015;262
22/11/2015;252
23/11/2015;280
24/11/2015;274
25/11/2015;295
26/11/2015;320
27/11/2015;313
28/11/2015;275
29/11/2015;292
30/11/2015;332
01/12/2015;301
02/12/2015;314
03/12/2015;296
04/12/2015;290
05/12/2015;277
06/12/2015;287
07/12/2015;297
08/12/2015;291
09/12/2015;292
10/12/2015;291
11/12/2015;260
12/12/2015;294
13/12/2015;287
14/12/2015;295
15/12/2015;319
16/12/2015;300
17/12/2015;281
18/12/2015;324
19/12/2015;317
20/12/2015;304
21/12/2015;296
22/12/2015;295
23/12/2015;274
24/12/2015;269
25/12/2015;334
26/12/2015;315
27/12/2015;326
28/12/2015;355
29/12/2015;306
30/12/2015;327
31/12/2015;323
01/01/2016;366
02/01/2016;314
03/01/2016;339
04/01/2016;348
05/01/2016;329
06/01/2016;316
07/01/2016;305
08/01/2016;362
09/01/2016;346
10/01/2016;320
11/01/2016;343
12/01/2016;378
13/01/2016;301
14/01/2016;367
15/01/2016;347
16/01/2016;301
17/01/2016;302
18/01/2016;347
19/01/2016;343
20/01/2016;352
21/01/2016;383
22/01/2016;349
23/01/2016;356
24/01/2016;331
25/01/2016;355
26/01/2016;329
27/01/2016;337
28/01/2016;322
29/01/2016;295
30/01/2016;322
31/01/2016;376
01/02/2016;351
02/02/2016;328
03/02/2016;324
04/02/2016;315
05/02/2016;306
06/02/2016;320
07/02/2016;333
08/02/2016;338
09/02/2016;351
10/02/2016;336
11/02/2016;360
12/02/2016;335
13/02/2016;335
14/02/2016;302
15/02/2016;308
16/02/2016;314
17/02/2016;331
18/02/2016;337
19/02/2016;347
20/02/2016;370
21/02/2016;352
22/02/2016;381
23/02/2016;318
24/02/2016;344
25/02/2016;304
26/02/2016;322
27/02/2016;330
28/02/2016;300
29/02/2016;323
01/03/2016;345
02/03/2016;345
03/03/2016;375
04/03/2016;336
05/03/2016;360
06/03/2016;320
07/03/2016;310
08/03/2016;368
09/03/2016;369
10/03/2016;336
11/03/2016;336
12/03/2016;339
13/03/2016;331
14/03/2016;341
15/03/2016;337
16/03/2016;288
17/03/2016;299
18/03/2016;335
19/03/2016;360
20/03/2016;335
21/03/2016;321
22/03/2016;337
23/03/2016;331
24/03/2016;325
25/03/2016;333
26/03/2016;318
27/03/2016;311
28/03/2016;321
29/03/2016;312
30/03/2016;306
31/03/2016;314
01/04/2016;331
02/04/2016;322
03/04/2016;308
04/04/2016;316
05/04/2016;343
06/04/2016;308
07/04/2016;325
08/04/2016;304
09/04/2016;334
10/04/2016;306
11/04/2016;341
12/04/2016;311
13/04/2016;283
14/04/2016;340
15/04/2016;295
16/04/2016;313
17/04/2016;293
18/04/2016;288
19/04/2016;291
20/04/2016;324
21/04/2016;256
22/04/2016;275
23/04/2016;298
24/04/2016;262
25/04/2016;277
26/04/2016;318
27/04/2016;292
28/04/2016;315
29/04/2016;268
30/04/2016;300
01/05/2016;261
02/05/2016;276
03/05/2016;278
04/05/2016;320
05/05/2016;284
06/05/2016;270
07/05/2016;248
08/05/2016;279
09/05/2016;285
10/05/2016;278
11/05/2016;250
12/05/2016;267
13/05/2016;279
14/05/2016;252
15/05/2016;262
16/05/2016;318
17/05/2016;327
18/05/2016;261
19/05/2016;287
20/05/2016;309
21/05/2016;293
22/05/2016;255
23/05/2016;295
24/05/2016;276
25/05/2016;284
26/05/2016;271
27/05/2016;279
28/05/2016;308
29/05/2016;262
30/05/2016;281
31/05/2016;264
01/06/2016;297
02/06/2016;275
03/06/2016;302
04/06/2016;304
05/06/2016;271
06/06/2016;275
07/06/2016;280
08/06/2016;272
09/06/2016;270
10/06/2016;294
11/06/2016;263
12/06/2016;255
13/06/2016;263
14/06/2016;259
15/06/2016;264
16/06/2016;237
17/06/2016;262
18/06/2016;273
19/06/2016;245
20/06/2016;268
21/06/2016;312
22/06/2016;280
23/06/2016;259
24/06/2016;293
25/06/2016;280
26/06/2016;235
27/06/2016;295
28/06/2016;265
29/06/2016;276
30/06/2016;263
01/07/2016;273
02/07/2016;248
03/07/2016;279
04/07/2016;315
05/07/2016;279
06/07/2016;288
07/07/2016;268
08/07/2016;268
09/07/2016;248
10/07/2016;254
11/07/2016;287
12/07/2016;228
13/07/2016;285
14/07/2016;262
15/07/2016;263
16/07/2016;301
17/07/2016;313
18/07/2016;286
19/07/2016;311
20/07/2016;294
21/07/2016;303
22/07/2016;251
23/07/2016;248
24/07/2016;271
25/07/2016;292
26/07/2016;322
27/07/2016;300
28/07/2016;323
29/07/2016;299
30/07/2016;262
31/07/2016;265
01/08/2016;289
02/08/2016;262
03/08/2016;258
04/08/2016;270
05/08/2016;256
06/08/2016;271
07/08/2016;265
08/08/2016;315
09/08/2016;328
10/08/2016;300
11/08/2016;311
12/08/2016;279
13/08/2016;287
14/08/2016;280
15/08/2016;290
16/08/2016;310
17/08/2016;286
18/08/2016;243
19/08/2016;247
20/08/2016;256
21/08/2016;262
22/08/2016;281
23/08/2016;288
24/08/2016;263
25/08/2016;269
26/08/2016;285
27/08/2016;269
28/08/2016;263
29/08/2016;305
30/08/2016;258
31/08/2016;246
01/09/2016;253
02/09/2016;288
03/09/2016;257
04/09/2016;281
05/09/2016;302
06/09/2016;276
07/09/2016;260
08/09/2016;308
09/09/2016;238
10/09/2016;243
11/09/2016;247
12/09/2016;261
13/09/2016;234
14/09/2016;218
15/09/2016;252
16/09/2016;256
17/09/2016;219
18/09/2016;275
19/09/2016;255
20/09/2016;278
21/09/2016;270
22/09/2016;248
23/09/2016;270
24/09/2016;270
25/09/2016;254
26/09/2016;242
27/09/2016;276
28/09/2016;276
29/09/2016;268
30/09/2016;283
01/10/2016;260
02/10/2016;255
03/10/2016;273
04/10/2016;277
05/10/2016;245
06/10/2016;279
07/10/2016;256
08/10/2016;280
09/10/2016;263
10/10/2016;279
11/10/2016;273
12/10/2016;270
13/10/2016;263
14/10/2016;262
15/10/2016;274
16/10/2016;266
17/10/2016;292
18/10/2016;258
19/10/2016;313
20/10/2016;314
21/10/2016;288
22/10/2016;290
23/10/2016;284
24/10/2016;263
25/10/2016;276
26/10/2016;285
27/10/2016;299
28/10/2016;264
29/10/2016;303
30/10/2016;283
31/10/2016;289
01/11/2016;267
02/11/2016;269
03/11/2016;302
04/11/2016;289
05/11/2016;268
06/11/2016;262
07/11/2016;253
08/11/2016;269
09/11/2016;303
10/11/2016;295
11/11/2016;296
12/11/2016;329
13/11/2016;297
14/11/2016;302
15/11/2016;277
16/11/2016;279
17/11/2016;288
18/11/2016;316
19/11/2016;339
20/11/2016;331
21/11/2016;308
22/11/2016;290
23/11/2016;279
24/11/2016;342
25/11/2016;345
26/11/2016;336
27/11/2016;308
28/11/2016;339
29/11/2016;316
30/11/2016;353
01/12/2016;326
02/12/2016;370
03/12/2016;335
04/12/2016;357
05/12/2016;340
06/12/2016;341
07/12/2016;299
08/12/2016;343
09/12/2016;364
10/12/2016;339
11/12/2016;349
12/12/2016;368
13/12/2016;355
14/12/2016;363
15/12/2016;322
16/12/2016;383
17/12/2016;370
18/12/2016;367
19/12/2016;396
20/12/2016;366
21/12/2016;377
22/12/2016;420
23/12/2016;392
24/12/2016;449
25/12/2016;420
26/12/2016;434
27/12/2016;467
28/12/2016;439
29/12/2016;454
30/12/2016;464
31/12/2016;470
01/01/2017;475
02/01/2017;578
03/01/2017;479
04/01/2017;501
05/01/2017;493
06/01/2017;461
07/01/2017;421
08/01/2017;444
09/01/2017;441
10/01/2017;470
11/01/2017;423
12/01/2017;445
13/01/2017;442
14/01/2017;384
15/01/2017;368
16/01/2017;394
17/01/2017;413
18/01/2017;392
19/01/2017;424
20/01/2017;422
21/01/2017;430
22/01/2017;414
23/01/2017;464
24/01/2017;485
25/01/2017;382
26/01/2017;441
27/01/2017;444
28/01/2017;397
29/01/2017;389
30/01/2017;407
31/01/2017;408
01/02/2017;411
02/02/2017;385
03/02/2017;377
04/02/2017;386
05/02/2017;368
06/02/2017;345
07/02/2017;351
08/02/2017;322
09/02/2017;328
10/02/2017;367
11/02/2017;382
12/02/2017;370
13/02/2017;368
14/02/2017;304
15/02/2017;337
16/02/2017;325
17/02/2017;330
18/02/2017;359
19/02/2017;353
20/02/2017;346
21/02/2017;329
22/02/2017;288
23/02/2017;335
24/02/2017;344
25/02/2017;312
26/02/2017;292
27/02/2017;304
28/02/2017;329
01/03/2017;301
02/03/2017;290
03/03/2017;311
04/03/2017;296
05/03/2017;308
06/03/2017;312
07/03/2017;294
08/03/2017;316
09/03/2017;321
10/03/2017;324
11/03/2017;287
12/03/2017;296
13/03/2017;273
14/03/2017;304
15/03/2017;307
16/03/2017;343
17/03/2017;323
18/03/2017;311
19/03/2017;297
20/03/2017;310
21/03/2017;315
22/03/2017;292
23/03/2017;289
24/03/2017;288
25/03/2017;283
26/03/2017;305
27/03/2017;297
28/03/2017;318
29/03/2017;285
30/03/2017;276
31/03/2017;303
01/04/2017;274
02/04/2017;264
03/04/2017;301
04/04/2017;334
05/04/2017;286
06/04/2017;300
07/04/2017;294
08/04/2017;276
09/04/2017;290
10/04/2017;317
11/04/2017;307
12/04/2017;315
13/04/2017;262
14/04/2017;295
15/04/2017;276
16/04/2017;273
17/04/2017;308
18/04/2017;251
19/04/2017;254
20/04/2017;265
21/04/2017;244
22/04/2017;251
23/04/2017;262
24/04/2017;290
25/04/2017;297
26/04/2017;240
27/04/2017;259
28/04/2017;302
29/04/2017;258
30/04/2017;260
01/05/2017;320
02/05/2017;251
03/05/2017;301
04/05/2017;294
05/05/2017;301
06/05/2017;271
07/05/2017;289
08/05/2017;258
09/05/2017;285
10/05/2017;263
11/05/2017;264
12/05/2017;255
13/05/2017;266
14/05/2017;263
15/05/2017;264
16/05/2017;278
17/05/2017;261
18/05/2017;264
19/05/2017;247
20/05/2017;283
21/05/2017;254
22/05/2017;286
23/05/2017;284
24/05/2017;278
25/05/2017;270
26/05/2017;279
27/05/2017;287
28/05/2017;245
29/05/2017;304
30/05/2017;260
31/05/2017;265
01/06/2017;266
02/06/2017;240
03/06/2017;257
04/06/2017;232
05/06/2017;267
06/06/2017;256
07/06/2017;244
08/06/2017;273
09/06/2017;259
10/06/2017;253
11/06/2017;278
12/06/2017;275
13/06/2017;279
14/06/2017;275
15/06/2017;249
16/06/2017;250
17/06/2017;274
18/06/2017;379
19/06/2017;366
20/06/2017;335
21/06/2017;322
22/06/2017;319
23/06/2017;287
24/06/2017;247
25/06/2017;269
26/06/2017;280
27/06/2017;261
28/06/2017;258
29/06/2017;257
30/06/2017;244
01/07/2017;241
02/07/2017;244
03/07/2017;288
04/07/2017;288
05/07/2017;264
06/07/2017;252
07/07/2017;260
08/07/2017;228
09/07/2017;233
10/07/2017;250
11/07/2017;233
12/07/2017;247
13/07/2017;299
14/07/2017;257
15/07/2017;269
16/07/2017;260
17/07/2017;277
18/07/2017;253
19/07/2017;275
20/07/2017;259
21/07/2017;233
22/07/2017;241
23/07/2017;256
24/07/2017;264
25/07/2017;248
26/07/2017;270
27/07/2017;253
28/07/2017;245
29/07/2017;264
30/07/2017;268
31/07/2017;258
01/08/2017;216
02/08/2017;260
03/08/2017;264
04/08/2017;277
05/08/2017;251
06/08/2017;242
07/08/2017;261
08/08/2017;241
09/08/2017;228
10/08/2017;241
11/08/2017;244
12/08/2017;244
13/08/2017;288
14/08/2017;279
15/08/2017;246
16/08/2017;258
17/08/2017;239
18/08/2017;273
19/08/2017;246
20/08/2017;258
21/08/2017;299
22/08/2017;315
23/08/2017;272
24/08/2017;287
25/08/2017;287
26/08/2017;270
27/08/2017;244
28/08/2017;246
29/08/2017;249
30/08/2017;250
31/08/2017;245
01/09/2017;241
02/09/2017;239
03/09/2017;244
04/09/2017;301
05/09/2017;251
06/09/2017;210
07/09/2017;265
08/09/2017;265
09/09/2017;255
10/09/2017;244
11/09/2017;266
12/09/2017;269
13/09/2017;261
14/09/2017;271
15/09/2017;250
16/09/2017;255
17/09/2017;238
18/09/2017;246
19/09/2017;256
20/09/2017;246
21/09/2017;265
22/09/2017;255
23/09/2017;277
24/09/2017;255
25/09/2017;275
26/09/2017;263
27/09/2017;259
28/09/2017;280
29/09/2017;301
30/09/2017;282
01/10/2017;296
02/10/2017;300
03/10/2017;331
04/10/2017;286
05/10/2017;289
06/10/2017;265
07/10/2017;262
08/10/2017;262
09/10/2017;278
10/10/2017;288
11/10/2017;279
12/10/2017;306
13/10/2017;233
14/10/2017;248
15/10/2017;246
16/10/2017;347
17/10/2017;286
18/10/2017;300
19/10/2017;260
20/10/2017;299
21/10/2017;260
22/10/2017;273
23/10/2017;297
24/10/2017;257
25/10/2017;273
26/10/2017;249
27/10/2017;300
28/10/2017;270
29/10/2017;290
30/10/2017;276
31/10/2017;271
01/11/2017;269
02/11/2017;291
03/11/2017;284
04/11/2017;269
05/11/2017;267
06/11/2017;269
07/11/2017;250
08/11/2017;252
09/11/2017;266
10/11/2017;296
11/11/2017;279
12/11/2017;306
13/11/2017;316
14/11/2017;284
15/11/2017;335
16/11/2017;333
17/11/2017;321
18/11/2017;286
19/11/2017;289
20/11/2017;347
21/11/2017;296
22/11/2017;323
23/11/2017;315
24/11/2017;312
25/11/2017;295
26/11/2017;289
27/11/2017;317
28/11/2017;351
29/11/2017;288
30/11/2017;314
01/12/2017;294
02/12/2017;322
03/12/2017;315
04/12/2017;348
05/12/2017;329
06/12/2017;357
07/12/2017;367
08/12/2017;344
09/12/2017;356
10/12/2017;371
11/12/2017;355
12/12/2017;355
13/12/2017;359
14/12/2017;345
15/12/2017;359
16/12/2017;337
17/12/2017;347
18/12/2017;380
19/12/2017;332
20/12/2017;344
21/12/2017;391
22/12/2017;362
23/12/2017;363
24/12/2017;344
25/12/2017;361
26/12/2017;404
27/12/2017;426
28/12/2017;421
29/12/2017;389
30/12/2017;352
31/12/2017;390
01/01/2018;414
02/01/2018;418
03/01/2018;450
04/01/2018;425
05/01/2018;434
06/01/2018;404
07/01/2018;322
08/01/2018;389
09/01/2018;406
10/01/2018;432
11/01/2018;405
12/01/2018;368
13/01/2018;405
14/01/2018;404
15/01/2018;394
16/01/2018;422
17/01/2018;412
18/01/2018;389
19/01/2018;424
20/01/2018;407
21/01/2018;375
22/01/2018;380
23/01/2018;403
24/01/2018;398
25/01/2018;346
26/01/2018;399
27/01/2018;372
28/01/2018;399
29/01/2018;392
30/01/2018;383
31/01/2018;351
01/02/2018;365
02/02/2018;389
03/02/2018;373
04/02/2018;376
05/02/2018;424
06/02/2018;374
07/02/2018;408
08/02/2018;405
09/02/2018;412
10/02/2018;382
11/02/2018;388
12/02/2018;412
13/02/2018;418
14/02/2018;415
15/02/2018;410
16/02/2018;385
17/02/2018;387
18/02/2018;395
19/02/2018;407
20/02/2018;402
21/02/2018;415
22/02/2018;406
23/02/2018;385
24/02/2018;373
25/02/2018;392
26/02/2018;410
27/02/2018;399
28/02/2018;391
01/03/2018;376
02/03/2018;383
03/03/2018;368
04/03/2018;342
05/03/2018;347
06/03/2018;391
07/03/2018;319
08/03/2018;326
09/03/2018;323
10/03/2018;359
11/03/2018;335
12/03/2018;357
13/03/2018;344
14/03/2018;363
15/03/2018;344
16/03/2018;318
17/03/2018;328
18/03/2018;335
19/03/2018;297
20/03/2018;294
21/03/2018;317
22/03/2018;325
23/03/2018;343
24/03/2018;333
25/03/2018;331
26/03/2018;362
27/03/2018;351
28/03/2018;336
29/03/2018;321
30/03/2018;325
31/03/2018;311
01/04/2018;351
02/04/2018;394
03/04/2018;342
04/04/2018;352
05/04/2018;336
06/04/2018;322
07/04/2018;321
08/04/2018;296
09/04/2018;316
10/04/2018;318
11/04/2018;329
12/04/2018;343
13/04/2018;336
14/04/2018;320
15/04/2018;337
16/04/2018;322
17/04/2018;320
18/04/2018;303
19/04/2018;321
20/04/2018;321
21/04/2018;316
22/04/2018;301
23/04/2018;319
24/04/2018;321
25/04/2018;303
26/04/2018;308
27/04/2018;292
28/04/2018;289
29/04/2018;295
30/04/2018;282
01/05/2018;259
02/05/2018;281
03/05/2018;286
04/05/2018;308
05/05/2018;303
06/05/2018;295
07/05/2018;321
08/05/2018;310
09/05/2018;296
10/05/2018;290
11/05/2018;268
12/05/2018;267
13/05/2018;233
14/05/2018;273
15/05/2018;282
16/05/2018;310
17/05/2018;290
18/05/2018;328
19/05/2018;293
20/05/2018;304
21/05/2018;295
22/05/2018;258
23/05/2018;326
24/05/2018;268
25/05/2018;249
26/05/2018;276
27/05/2018;315
28/05/2018;279
29/05/2018;284
30/05/2018;275
31/05/2018;286
01/06/2018;259
02/06/2018;264
03/06/2018;249
04/06/2018;290
05/06/2018;314
06/06/2018;281
07/06/2018;270
08/06/2018;275
09/06/2018;271
10/06/2018;283
11/06/2018;271
12/06/2018;248
13/06/2018;282
14/06/2018;295
15/06/2018;281
16/06/2018;282
17/06/2018;287
18/06/2018;311
19/06/2018;342
20/06/2018;333
21/06/2018;310
22/06/2018;281
23/06/2018;259
24/06/2018;276
25/06/2018;303
26/06/2018;286
27/06/2018;304
28/06/2018;252
29/06/2018;262
30/06/2018;276
01/07/2018;256
02/07/2018;261
03/07/2018;260
04/07/2018;248
05/07/2018;250
06/07/2018;240
07/07/2018;254
08/07/2018;260
09/07/2018;223
10/07/2018;258
11/07/2018;291
12/07/2018;290
13/07/2018;243
14/07/2018;244
15/07/2018;236
16/07/2018;242
17/07/2018;272
18/07/2018;281
19/07/2018;258
20/07/2018;273
21/07/2018;253
22/07/2018;243
23/07/2018;251
24/07/2018;267
25/07/2018;276
26/07/2018;283
27/07/2018;251
28/07/2018;274
29/07/2018;244
30/07/2018;263
31/07/2018;269
01/08/2018;261
02/08/2018;273
03/08/2018;312
04/08/2018;362
05/08/2018;508
06/08/2018;495
07/08/2018;343
08/08/2018;293
09/08/2018;291
10/08/2018;250
11/08/2018;277
12/08/2018;263
13/08/2018;281
14/08/2018;290
15/08/2018;264
16/08/2018;291
17/08/2018;269
18/08/2018;294
19/08/2018;262
20/08/2018;288
21/08/2018;321
22/08/2018;281
23/08/2018;281
24/08/2018;265
25/08/2018;291
26/08/2018;245
27/08/2018;235
28/08/2018;254
29/08/2018;252
30/08/2018;237
31/08/2018;244
01/09/2018;282
02/09/2018;265
03/09/2018;272
04/09/2018;298
05/09/2018;252
06/09/2018;231
07/09/2018;257
08/09/2018;286
09/09/2018;255
10/09/2018;234
11/09/2018;269
12/09/2018;249
13/09/2018;276
14/09/2018;250
15/09/2018;253
16/09/2018;276
17/09/2018;253
18/09/2018;277
19/09/2018;263
20/09/2018;292
21/09/2018;275
22/09/2018;275
23/09/2018;243
24/09/2018;256
25/09/2018;258
26/09/2018;270
27/09/2018;268
28/09/2018;296
29/09/2018;252
30/09/2018;246
01/10/2018;303
02/10/2018;275
03/10/2018;258
04/10/2018;265
05/10/2018;292
06/10/2018;240
07/10/2018;271
08/10/2018;268
09/10/2018;295
10/10/2018;268
11/10/2018;283
12/10/2018;254
13/10/2018;304
14/10/2018;284
15/10/2018;317
16/10/2018;272
17/10/2018;286
18/10/2018;260
19/10/2018;293
20/10/2018;268
21/10/2018;254
22/10/2018;298
23/10/2018;291
24/10/2018;283
25/10/2018;286
26/10/2018;295
27/10/2018;263
28/10/2018;288
29/10/2018;286
30/10/2018;301
31/10/2018;270
01/11/2018;280
02/11/2018;339
03/11/2018;299
04/11/2018;279
05/11/2018;315
06/11/2018;288
07/11/2018;297
08/11/2018;275
09/11/2018;299
10/11/2018;342
11/11/2018;326
12/11/2018;323
13/11/2018;279
14/11/2018;291
15/11/2018;302
16/11/2018;315
17/11/2018;286
18/11/2018;303
19/11/2018;312
20/11/2018;289
21/11/2018;279
22/11/2018;319
23/11/2018;299
24/11/2018;268
25/11/2018;316
26/11/2018;305
27/11/2018;298
28/11/2018;287
29/11/2018;320
30/11/2018;297
01/12/2018;310
02/12/2018;326
03/12/2018;285
04/12/2018;288
05/12/2018;320
06/12/2018;312
07/12/2018;342
08/12/2018;325
09/12/2018;297
10/12/2018;306
11/12/2018;304
12/12/2018;337
13/12/2018;323
14/12/2018;295
15/12/2018;288
16/12/2018;280
17/12/2018;320
18/12/2018;338
19/12/2018;314
20/12/2018;285
21/12/2018;335
22/12/2018;307
23/12/2018;361
24/12/2018;353
25/12/2018;320
26/12/2018;339
27/12/2018;342
28/12/2018;338
29/12/2018;347
30/12/2018;342
31/12/2018;357
01/01/2019;371
02/01/2019;386
03/01/2019;366
04/01/2019;371
05/01/2019;367
06/01/2019;409
07/01/2019;415
08/01/2019;376
09/01/2019;417
10/01/2019;436
11/01/2019;408
12/01/2019;431
13/01/2019;416
14/01/2019;483
15/01/2019;414
16/01/2019;444
17/01/2019;412
18/01/2019;415
19/01/2019;403
20/01/2019;414
21/01/2019;408
22/01/2019;438
23/01/2019;445
24/01/2019;457
25/01/2019;440
26/01/2019;415
27/01/2019;433
28/01/2019;434
29/01/2019;446
30/01/2019;425
31/01/2019;431
01/02/2019;401
02/02/2019;398
03/02/2019;370
04/02/2019;381
05/02/2019;415
06/02/2019;428
07/02/2019;395
08/02/2019;383
09/02/2019;404
10/02/2019;381
11/02/2019;448
12/02/2019;388
13/02/2019;367
14/02/2019;389
15/02/2019;391
16/02/2019;379
17/02/2019;363
18/02/2019;368
19/02/2019;395
20/02/2019;333
21/02/2019;377
22/02/2019;346
23/02/2019;381
24/02/2019;355
25/02/2019;354
26/02/2019;361
27/02/2019;331
28/02/2019;353
01/03/2019;352
02/03/2019;340
03/03/2019;355
04/03/2019;353
05/03/2019;335
06/03/2019;317
07/03/2019;335
08/03/2019;333
09/03/2019;339
10/03/2019;334
11/03/2019;333
12/03/2019;338
13/03/2019;320
14/03/2019;335
15/03/2019;272
16/03/2019;340
17/03/2019;317
18/03/2019;296
19/03/2019;322
20/03/2019;334
21/03/2019;338
22/03/2019;297
23/03/2019;320
24/03/2019;295
25/03/2019;298
26/03/2019;318
27/03/2019;311
28/03/2019;275
29/03/2019;283
30/03/2019;348
31/03/2019;307
01/04/2019;330
02/04/2019;308
03/04/2019;264
04/04/2019;285
05/04/2019;310
06/04/2019;291
07/04/2019;325
08/04/2019;335
09/04/2019;285
10/04/2019;323
11/04/2019;299
12/04/2019;298
13/04/2019;294
14/04/2019;304
15/04/2019;325
16/04/2019;313
17/04/2019;319
18/04/2019;274
19/04/2019;288
20/04/2019;304
21/04/2019;311
22/04/2019;327
23/04/2019;308
24/04/2019;319
25/04/2019;270
26/04/2019;293
27/04/2019;274
28/04/2019;305
29/04/2019;298
30/04/2019;317
01/05/2019;276
02/05/2019;268
03/05/2019;298
04/05/2019;310
05/05/2019;316
06/05/2019;278
07/05/2019;310
08/05/2019;280
09/05/2019;246
10/05/2019;336
11/05/2019;280
12/05/2019;281
13/05/2019;272
14/05/2019;290
15/05/2019;320
16/05/2019;284
17/05/2019;240
18/05/2019;259
19/05/2019;261
20/05/2019;272
21/05/2019;268
22/05/2019;276
23/05/2019;250
24/05/2019;269
25/05/2019;300
26/05/2019;293
27/05/2019;265
28/05/2019;266
29/05/2019;251
30/05/2019;301
31/05/2019;284
01/06/2019;313
02/06/2019;286
03/06/2019;288
04/06/2019;299
05/06/2019;276
06/06/2019;251
07/06/2019;249
08/06/2019;256
09/06/2019;232
10/06/2019;255
11/06/2019;278
12/06/2019;248
13/06/2019;266
14/06/2019;263
15/06/2019;312
16/06/2019;255
17/06/2019;278
18/06/2019;269
19/06/2019;287
20/06/2019;273
21/06/2019;262
22/06/2019;257
23/06/2019;291
24/06/2019;294
25/06/2019;303
26/06/2019;269
27/06/2019;260
28/06/2019;244
29/06/2019;278
30/06/2019;268
01/07/2019;268
02/07/2019;286
03/07/2019;274
04/07/2019;264
05/07/2019;283
06/07/2019;260
07/07/2019;256
08/07/2019;276
09/07/2019;252
10/07/2019;254